date,symbol,close.x,symbol2,ratio.x,close.y,ccl
2020-08-14,BMA.BA,259.649994,BMA,10,20.24,128.28557015810276
2020-08-18,BMA.BA,245.149994,BMA,10,18.9,129.70899153439152
2020-08-19,BMA.BA,247.899994,BMA,10,18.629999,133.0649529288756
2020-08-20,BMA.BA,248.899994,BMA,10,18.440001,134.97829745237
2020-08-21,BMA.BA,245.5,BMA,10,18.219999,134.74204910768654
2020-08-24,BMA.BA,243.75,BMA,10,18.360001,132.761430677482
2020-08-25,BMA.BA,246.949997,BMA,10,18.58,132.91173143164693
2020-08-26,BMA.BA,236.899994,BMA,10,18.33,129.24167703218765
2020-08-27,BMA.BA,221.800003,BMA,10,17.879999,124.04922561796563
2020-08-28,BMA.BA,238.949997,BMA,10,19.190001,124.51797006159615
2020-08-31,BMA.BA,242.449997,BMA,10,18.950001,127.94194417192905
2020-09-01,BMA.BA,241.5,BMA,10,18.809999,128.38916153052426
2020-09-02,BMA.BA,234.850006,BMA,10,18.860001,124.52279615467678
2020-09-03,BMA.BA,238.300003,BMA,10,19.370001,123.02529204825547
2020-09-04,BMA.BA,235.75,BMA,10,18.93,124.53777073428421
2020-09-08,BMA.BA,235.649994,BMA,10,18.870001,124.88075331845504
2020-09-09,BMA.BA,238.300003,BMA,10,18.74,127.16115421558166
2020-09-10,BMA.BA,243.5,BMA,10,18.73,130.00533902829685
2020-09-11,BMA.BA,233.350006,BMA,10,18,129.63889222222224
2020-09-14,BMA.BA,226.149994,BMA,10,17.450001,129.5988430029316
2020-09-15,BMA.BA,224.75,BMA,10,17.26,130.2143684820394
2020-09-16,BMA.BA,205.949997,BMA,10,16.139999,127.60223653049792
2020-09-17,BMA.BA,199.350006,BMA,10,15.38,129.61638881664499
2020-09-18,BMA.BA,209.800003,BMA,10,15.32,136.94517167101827
2020-09-21,BMA.BA,205.100006,BMA,10,14.72,139.33424320652176
2020-09-22,BMA.BA,205.300003,BMA,10,14.1,145.6028390070922
2020-09-23,BMA.BA,201.199997,BMA,10,13.36,150.5988001497006
2020-09-24,BMA.BA,208.149994,BMA,10,14.64,142.1789576502732
2020-09-25,BMA.BA,211.75,BMA,10,14.52,145.83333333333334
2020-09-28,BMA.BA,210.149994,BMA,10,14.33,146.65037962316816
2020-09-29,BMA.BA,209.949997,BMA,10,14.1,148.9007070921986
2020-09-30,BMA.BA,207.600006,BMA,10,14.3,145.1748293706294
2020-10-01,BMA.BA,214.850006,BMA,10,14.62,146.9562284541724
2020-10-02,BMA.BA,214.149994,BMA,10,14.25,150.28069754385962
2020-10-05,BMA.BA,211.649994,BMA,10,14.05,150.64056512455514
2020-10-06,BMA.BA,208.800003,BMA,10,13.74,151.96506768558953
2020-10-07,BMA.BA,210.850006,BMA,10,13.88,151.90922622478388
2020-10-08,BMA.BA,216.949997,BMA,10,14.27,152.03223335669236
2020-10-09,BMA.BA,218,BMA,10,14.1,154.60992907801418
2020-10-13,BMA.BA,213.850006,BMA,10,13.41,159.47054884414618
2020-10-14,BMA.BA,215.100006,BMA,10,13.26,162.21719909502264
2020-10-15,BMA.BA,222.25,BMA,10,13.24,167.86253776435046
2020-10-16,BMA.BA,230,BMA,10,13.54,169.86706056129987
2020-10-19,BMA.BA,231.449997,BMA,10,13.83,167.35357700650758
2020-10-20,BMA.BA,225.100006,BMA,10,13.18,170.78907890743554
2020-10-21,BMA.BA,226.5,BMA,10,12.65,179.05138339920947
2020-10-22,BMA.BA,234.850006,BMA,10,12.9,182.05426821705427
2020-10-23,BMA.BA,232.5,BMA,10,13.05,178.16091954022988
2020-10-26,BMA.BA,216.649994,BMA,10,12.95,167.29729266409265
2020-10-27,BMA.BA,204.850006,BMA,10,12.22,167.63502945990183
2020-10-28,BMA.BA,186.149994,BMA,10,11.74,158.56047189097103
2020-10-29,BMA.BA,192.199997,BMA,10,12.04,159.63454900332226
2020-10-30,BMA.BA,186.100006,BMA,10,11.93,155.99329924559933
2020-11-02,BMA.BA,204,BMA,10,13.14,155.2511415525114
2020-11-03,BMA.BA,205.050003,BMA,10,13.18,155.5766335356601
2020-11-04,BMA.BA,199.350006,BMA,10,12.84,155.2570140186916
2020-11-05,BMA.BA,211.899994,BMA,10,14,151.35713857142855
2020-11-06,BMA.BA,214.050003,BMA,10,14.03,152.5659322879544
2020-11-09,BMA.BA,228.149994,BMA,10,15.02,151.89746604527295
2020-11-10,BMA.BA,245.350006,BMA,10,16.370001,149.87781979976668
2020-11-11,BMA.BA,237.100006,BMA,10,15.69,151.11536392606757
2020-11-12,BMA.BA,224.399994,BMA,10,14.64,153.2786844262295
2020-11-13,BMA.BA,227.199997,BMA,10,15.28,148.691097513089
2020-11-16,BMA.BA,227.350006,BMA,10,15.34,148.2073050847458
2020-11-17,BMA.BA,233.800003,BMA,10,15.72,148.7277372773537
2020-11-18,BMA.BA,226.350006,BMA,10,15.02,150.69907190412786
2020-11-19,BMA.BA,228.300003,BMA,10,15.11,151.0919940436797
2020-11-20,BMA.BA,235,BMA,10,14.95,157.19063545150502
2020-11-24,BMA.BA,252.300003,BMA,10,16.49,153.00182110369923
2020-11-25,BMA.BA,253.050003,BMA,10,16.469999,153.64299839969632
2020-11-27,BMA.BA,258.899994,BMA,10,16.959999,152.6533073498412
2020-11-30,BMA.BA,247.25,BMA,10,15.97,154.82154038822793
2020-12-01,BMA.BA,245.600006,BMA,10,16.299999,150.6748595506049
2020-12-02,BMA.BA,248.600006,BMA,10,16.92,146.92671749408984
2020-12-03,BMA.BA,244.25,BMA,10,16.690001,146.34510806799832
2020-12-04,BMA.BA,243.699997,BMA,10,16.85,144.6290783382789
2020-12-09,BMA.BA,232.100006,BMA,10,16.200001,143.2715997980494
2020-12-10,BMA.BA,236.149994,BMA,10,16.98,139.07537926972907
2020-12-11,BMA.BA,235.800003,BMA,10,16.459999,143.25638962675515
2020-12-14,BMA.BA,231.600006,BMA,10,16.15,143.40557647058827
2020-12-15,BMA.BA,233.899994,BMA,10,16.620001,140.73404327713337
2020-12-16,BMA.BA,235.100006,BMA,10,16.51,142.39854996971533
2020-12-17,BMA.BA,233.949997,BMA,10,16.33,143.2639295774648
2020-12-18,BMA.BA,227.75,BMA,10,15.93,142.96924042686754
2020-12-21,BMA.BA,216.449997,BMA,10,15.45,140.0970854368932
2020-12-22,BMA.BA,220.25,BMA,10,15.31,143.86022207707381
2020-12-23,BMA.BA,226.149994,BMA,10,15.91,142.14330232558137
2020-12-28,BMA.BA,223.399994,BMA,10,15.5,144.12902838709675
2020-12-29,BMA.BA,230.25,BMA,10,16.26,141.6051660516605
2020-12-30,BMA.BA,227.300003,BMA,10,15.84,143.49747664141415
2021-01-04,BMA.BA,218.600006,BMA,10,14.62,149.52120793433656
2021-01-05,BMA.BA,220.850006,BMA,10,14.55,151.78694570446737
2021-01-06,BMA.BA,218.149994,BMA,10,14.78,147.59810148849795
2021-01-07,BMA.BA,222.449997,BMA,10,14.84,149.89891981132075
2021-01-08,BMA.BA,221.550003,BMA,10,14.68,150.9196205722071
2021-01-11,BMA.BA,214.199997,BMA,10,14.16,151.2711843220339
2021-01-12,BMA.BA,217.449997,BMA,10,14.36,151.42757451253482
2021-01-13,BMA.BA,213.350006,BMA,10,14.14,150.88402121640738
2021-01-14,BMA.BA,217.5,BMA,10,14.49,150.10351966873705
2021-01-15,BMA.BA,213.699997,BMA,10,14,152.642855
2021-01-19,BMA.BA,211.399994,BMA,10,13.95,151.54121433691756
2021-01-20,BMA.BA,212.899994,BMA,10,14.27,149.19410932025227
2021-01-21,BMA.BA,207.25,BMA,10,13.89,149.2080633549316
2021-01-22,BMA.BA,204,BMA,10,13.36,152.69461077844312
2021-01-25,BMA.BA,200.25,BMA,10,13.38,149.66367713004485
2021-01-26,BMA.BA,213.699997,BMA,10,13.9,153.7410050359712
2021-01-27,BMA.BA,212.800003,BMA,10,13.76,154.65116497093024
2021-01-28,BMA.BA,211,BMA,10,13.74,153.56622998544395
2021-01-29,BMA.BA,203.699997,BMA,10,13.32,152.92792567567565
2021-02-01,BMA.BA,207.600006,BMA,10,13.63,152.31108290535585
2021-02-02,BMA.BA,205.649994,BMA,10,13.41,153.35570022371363
2021-02-03,BMA.BA,207.5,BMA,10,13.52,153.47633136094674
2021-02-04,BMA.BA,213.050003,BMA,10,13.79,154.4960137781001
2021-02-05,BMA.BA,221.600006,BMA,10,14.3,154.96503916083918
2021-02-08,BMA.BA,229,BMA,10,14.56,157.28021978021977
2021-02-09,BMA.BA,227.75,BMA,10,14.71,154.82664853840924
2021-02-10,BMA.BA,226.649994,BMA,10,14.53,155.98760770818993
2021-02-11,BMA.BA,226.699997,BMA,10,14.9,152.14764899328858
2020-08-14,EDN.BA,25,EDN,20,3.95,126.58227848101265
2020-08-18,EDN.BA,23.85,EDN,20,3.74,127.54010695187165
2020-08-19,EDN.BA,24.6,EDN,20,3.75,131.2
2020-08-20,EDN.BA,24.5,EDN,20,3.71,132.0754716981132
2020-08-21,EDN.BA,24.049999,EDN,20,3.71,129.64959029649594
2020-08-24,EDN.BA,23,EDN,20,3.5,131.42857142857142
2020-08-25,EDN.BA,22.299999,EDN,20,3.4,131.17646470588235
2020-08-26,EDN.BA,22.200001,EDN,20,3.45,128.6956579710145
2020-08-27,EDN.BA,21.549999,EDN,20,3.5,123.14285142857143
2020-08-28,EDN.BA,22.9,EDN,20,3.65,125.47945205479452
2020-08-31,EDN.BA,22.549999,EDN,20,3.26,138.34355214723928
2020-09-01,EDN.BA,22.1,EDN,20,3.44,128.48837209302326
2020-09-02,EDN.BA,21.85,EDN,20,3.48,125.57471264367817
2020-09-03,EDN.BA,21.65,EDN,20,3.42,126.60818713450293
2020-09-04,EDN.BA,21.549999,EDN,20,3.48,123.85056896551724
2020-09-08,EDN.BA,21.5,EDN,20,3.48,123.5632183908046
2020-09-09,EDN.BA,21.799999,EDN,20,3.49,124.92836103151862
2020-09-10,EDN.BA,22.299999,EDN,20,3.52,126.70453977272727
2020-09-11,EDN.BA,21.9,EDN,20,3.45,126.95652173913042
2020-09-14,EDN.BA,21.25,EDN,20,3.38,125.7396449704142
2020-09-15,EDN.BA,21.200001,EDN,20,3.43,123.61516618075801
2020-09-16,EDN.BA,19.85,EDN,20,3.11,127.65273311897107
2020-09-17,EDN.BA,18.65,EDN,20,3.09,120.71197411003237
2020-09-18,EDN.BA,21,EDN,20,3.18,132.0754716981132
2020-09-21,EDN.BA,20.6,EDN,20,3.08,133.76623376623377
2020-09-22,EDN.BA,21.450001,EDN,20,2.98,143.95973825503356
2020-09-23,EDN.BA,22,EDN,20,2.93,150.1706484641638
2020-09-24,EDN.BA,22.450001,EDN,20,3.15,142.5396888888889
2020-09-25,EDN.BA,22.5,EDN,20,3.14,143.31210191082803
2020-09-28,EDN.BA,22.25,EDN,20,3.1,143.54838709677418
2020-09-29,EDN.BA,21.799999,EDN,20,3.09,141.10031715210357
2020-09-30,EDN.BA,22.75,EDN,20,3.11,146.30225080385853
2020-10-01,EDN.BA,23.299999,EDN,20,3.17,147.00314826498422
2020-10-02,EDN.BA,23.35,EDN,20,3.12,149.67948717948718
2020-10-05,EDN.BA,23.1,EDN,20,3.06,150.98039215686273
2020-10-06,EDN.BA,21.950001,EDN,20,2.9,151.3793172413793
2020-10-07,EDN.BA,21.5,EDN,20,2.88,149.30555555555557
2020-10-08,EDN.BA,21.85,EDN,20,2.92,149.65753424657535
2020-10-09,EDN.BA,22.299999,EDN,20,2.95,151.18643389830507
2020-10-13,EDN.BA,22.75,EDN,20,2.99,152.17391304347825
2020-10-14,EDN.BA,23.85,EDN,20,3.03,157.42574257425744
2020-10-15,EDN.BA,24.75,EDN,20,3.1,159.67741935483872
2020-10-16,EDN.BA,26.4,EDN,20,3.19,165.51724137931035
2020-10-19,EDN.BA,29.049999,EDN,20,3.65,159.1780767123288
2020-10-20,EDN.BA,29.5,EDN,20,3.53,167.1388101983003
2020-10-21,EDN.BA,28.950001,EDN,20,3.15,183.80953015873015
2020-10-22,EDN.BA,29.25,EDN,20,3.39,172.56637168141592
2020-10-23,EDN.BA,30.65,EDN,20,3.48,176.14942528735634
2020-10-26,EDN.BA,29.450001,EDN,20,3.52,167.32955113636362
2020-10-27,EDN.BA,27.65,EDN,20,3.45,160.28985507246375
2020-10-28,EDN.BA,25.700001,EDN,20,3.27,157.18655045871557
2020-10-29,EDN.BA,26.75,EDN,20,3.34,160.1796407185629
2020-10-30,EDN.BA,26.450001,EDN,20,3.32,159.33735542168674
2020-11-02,EDN.BA,27,EDN,20,3.52,153.4090909090909
2020-11-03,EDN.BA,27.25,EDN,20,3.38,161.24260355029585
2020-11-04,EDN.BA,26.6,EDN,20,3.36,158.33333333333334
2020-11-05,EDN.BA,27.450001,EDN,20,3.43,160.05831486880464
2020-11-06,EDN.BA,27.950001,EDN,20,3.58,156.14525698324022
2020-11-09,EDN.BA,27.6,EDN,20,3.63,152.06611570247935
2020-11-10,EDN.BA,28.799999,EDN,20,3.74,154.0106898395722
2020-11-11,EDN.BA,28.9,EDN,20,3.62,159.6685082872928
2020-11-12,EDN.BA,27.75,EDN,20,3.59,154.59610027855155
2020-11-13,EDN.BA,27.4,EDN,20,3.53,155.24079320113316
2020-11-16,EDN.BA,27.75,EDN,20,3.62,153.31491712707182
2020-11-17,EDN.BA,27.5,EDN,20,3.56,154.4943820224719
2020-11-18,EDN.BA,27.549999,EDN,20,3.52,156.53408522727275
2020-11-19,EDN.BA,26.700001,EDN,20,3.41,156.59824633431083
2020-11-20,EDN.BA,25.950001,EDN,20,3.31,156.79758912386706
2020-11-24,EDN.BA,26.5,EDN,20,3.35,158.2089552238806
2020-11-25,EDN.BA,26.450001,EDN,20,3.43,154.22741107871718
2020-11-27,EDN.BA,27.4,EDN,20,3.62,151.38121546961327
2020-11-30,EDN.BA,26.65,EDN,20,3.38,157.6923076923077
2020-12-01,EDN.BA,27.1,EDN,20,3.48,155.7471264367816
2020-12-02,EDN.BA,27.6,EDN,20,3.62,152.48618784530387
2020-12-03,EDN.BA,27.65,EDN,20,3.57,154.90196078431373
2020-12-04,EDN.BA,27,EDN,20,3.66,147.54098360655738
2020-12-09,EDN.BA,26.299999,EDN,20,3.58,146.92736871508382
2020-12-10,EDN.BA,26.25,EDN,20,3.59,146.23955431754877
2020-12-11,EDN.BA,26.15,EDN,20,3.58,146.08938547486034
2020-12-14,EDN.BA,25.799999,EDN,20,3.53,146.17563172804535
2020-12-15,EDN.BA,26.049999,EDN,20,3.6,144.72221666666667
2020-12-16,EDN.BA,25.9,EDN,20,3.59,144.28969359331478
2020-12-17,EDN.BA,26.200001,EDN,20,3.73,140.48257908847182
2020-12-18,EDN.BA,25.65,EDN,20,3.63,141.3223140495868
2020-12-21,EDN.BA,24.85,EDN,20,3.62,137.292817679558
2020-12-22,EDN.BA,24.9,EDN,20,3.61,137.95013850415512
2020-12-23,EDN.BA,25.75,EDN,20,3.6,143.05555555555554
2020-12-28,EDN.BA,26.049999,EDN,20,3.81,136.74540157480317
2020-12-29,EDN.BA,29.700001,EDN,20,4.24,140.0943443396226
2020-12-30,EDN.BA,28.6,EDN,20,4.14,138.16425120772948
2021-01-04,EDN.BA,28.1,EDN,20,3.88,144.84536082474227
2021-01-05,EDN.BA,27.75,EDN,20,3.6,154.16666666666666
2021-01-06,EDN.BA,27.549999,EDN,20,3.77,146.15384084880637
2021-01-07,EDN.BA,27.15,EDN,20,3.76,144.41489361702128
2021-01-08,EDN.BA,26.9,EDN,20,3.7,145.4054054054054
2021-01-11,EDN.BA,25.799999,EDN,20,3.54,145.76270621468927
2021-01-12,EDN.BA,26.1,EDN,20,3.56,146.62921348314606
2021-01-13,EDN.BA,26.5,EDN,20,3.54,149.71751412429379
2021-01-14,EDN.BA,26.700001,EDN,20,3.72,143.54839247311827
2021-01-15,EDN.BA,27.049999,EDN,20,3.64,148.62636813186813
2021-01-19,EDN.BA,27.35,EDN,20,3.68,148.6413043478261
2021-01-20,EDN.BA,27.25,EDN,20,3.66,148.9071038251366
2021-01-21,EDN.BA,25.700001,EDN,20,3.43,149.85423323615157
2021-01-22,EDN.BA,26.1,EDN,20,3.5,149.14285714285714
2021-01-25,EDN.BA,26.65,EDN,20,3.63,146.831955922865
2021-01-26,EDN.BA,27.15,EDN,20,3.65,148.76712328767124
2021-01-27,EDN.BA,27.25,EDN,20,3.63,150.13774104683196
2021-01-28,EDN.BA,26.799999,EDN,20,3.49,153.58165616045846
2021-01-29,EDN.BA,26.1,EDN,20,3.39,153.98230088495575
2021-02-01,EDN.BA,26.4,EDN,20,3.45,153.04347826086956
2021-02-02,EDN.BA,26.9,EDN,20,3.53,152.40793201133144
2021-02-03,EDN.BA,28.25,EDN,20,3.78,149.47089947089947
2021-02-04,EDN.BA,28.450001,EDN,20,3.72,152.9569946236559
2021-02-05,EDN.BA,27.450001,EDN,20,3.62,151.65746408839777
2021-02-08,EDN.BA,27.700001,EDN,20,3.62,153.03867955801104
2021-02-09,EDN.BA,28.1,EDN,20,3.68,152.7173913043478
2021-02-10,EDN.BA,28.299999,EDN,20,3.72,152.15053225806452
2021-02-11,EDN.BA,27.700001,EDN,20,3.74,148.12834759358287
2020-08-14,GGAL.BA,145.050003,GGAL,10,11.37,127.57256200527706
2020-08-18,GGAL.BA,137.300003,GGAL,10,10.66,128.79925234521576
2020-08-19,GGAL.BA,138.199997,GGAL,10,10.37,133.26904243008678
2020-08-20,GGAL.BA,137.800003,GGAL,10,10.25,134.4390273170732
2020-08-21,GGAL.BA,135.800003,GGAL,10,10.11,134.3224559841741
2020-08-24,GGAL.BA,135.199997,GGAL,10,10.06,134.39363518886677
2020-08-25,GGAL.BA,133.949997,GGAL,10,10.17,131.71091150442476
2020-08-26,GGAL.BA,130.25,GGAL,10,10.04,129.73107569721117
2020-08-27,GGAL.BA,124.800003,GGAL,10,9.9,126.0606090909091
2020-08-28,GGAL.BA,133.050003,GGAL,10,10.6,125.518870754717
2020-08-31,GGAL.BA,133.350006,GGAL,10,10.33,129.0900348499516
2020-09-01,GGAL.BA,131.949997,GGAL,10,10.4,126.8749971153846
2020-09-02,GGAL.BA,125.849998,GGAL,10,10.11,124.48071018793276
2020-09-03,GGAL.BA,125.699997,GGAL,10,10.28,122.27626167315174
2020-09-04,GGAL.BA,126.099998,GGAL,10,10.18,123.87033202357564
2020-09-08,GGAL.BA,128.100006,GGAL,10,10.26,124.85380701754387
2020-09-09,GGAL.BA,131.449997,GGAL,10,10.28,127.86964688715953
2020-09-10,GGAL.BA,133.199997,GGAL,10,10.25,129.95121658536584
2020-09-11,GGAL.BA,127.599998,GGAL,10,9.74,131.00615811088295
2020-09-14,GGAL.BA,121.099998,GGAL,10,9.21,131.48751140065147
2020-09-15,GGAL.BA,118.550003,GGAL,10,9.17,129.28026499454745
2020-09-16,GGAL.BA,107.849998,GGAL,10,8.36,129.00717464114834
2020-09-17,GGAL.BA,102.050003,GGAL,10,7.88,129.5050799492386
2020-09-18,GGAL.BA,107.449997,GGAL,10,7.86,136.70483078880406
2020-09-21,GGAL.BA,105.699997,GGAL,10,7.6,139.07894342105263
2020-09-22,GGAL.BA,104.449997,GGAL,10,7.25,144.06896137931034
2020-09-23,GGAL.BA,103.199997,GGAL,10,6.86,150.4373134110787
2020-09-24,GGAL.BA,110.650002,GGAL,10,7.63,145.0196618610747
2020-09-25,GGAL.BA,107.5,GGAL,10,7.4,145.27027027027026
2020-09-28,GGAL.BA,106,GGAL,10,7.23,146.6113416320885
2020-09-29,GGAL.BA,107.199997,GGAL,10,7.16,149.7206662011173
2020-09-30,GGAL.BA,105.900002,GGAL,10,7.24,146.2707209944751
2020-10-01,GGAL.BA,108.949997,GGAL,10,7.42,146.83288005390833
2020-10-02,GGAL.BA,109.449997,GGAL,10,7.29,150.13717009602192
2020-10-05,GGAL.BA,107.800003,GGAL,10,7.12,151.40449859550563
2020-10-06,GGAL.BA,105.199997,GGAL,10,6.91,152.2431215629522
2020-10-07,GGAL.BA,106.5,GGAL,10,7.06,150.84985835694053
2020-10-08,GGAL.BA,109.949997,GGAL,10,7.25,151.65516827586205
2020-10-09,GGAL.BA,107.800003,GGAL,10,7.06,152.69122237960343
2020-10-13,GGAL.BA,107.800003,GGAL,10,6.79,158.7628910162003
2020-10-14,GGAL.BA,107.75,GGAL,10,6.61,163.0105900151286
2020-10-15,GGAL.BA,109.699997,GGAL,10,6.56,167.2256051829268
2020-10-16,GGAL.BA,114.400002,GGAL,10,6.76,169.2307721893491
2020-10-19,GGAL.BA,115.349998,GGAL,10,6.89,167.41654281567492
2020-10-20,GGAL.BA,113.75,GGAL,10,6.61,172.0877458396369
2020-10-21,GGAL.BA,115,GGAL,10,6.49,177.19568567026192
2020-10-22,GGAL.BA,119.900002,GGAL,10,6.6,181.6666696969697
2020-10-23,GGAL.BA,118.449997,GGAL,10,6.65,178.12029624060148
2020-10-26,GGAL.BA,112.199997,GGAL,10,6.72,166.96428124999997
2020-10-27,GGAL.BA,106.050003,GGAL,10,6.36,166.74528773584908
2020-10-28,GGAL.BA,97.949997,GGAL,10,6.12,160.04901470588234
2020-10-29,GGAL.BA,100.550003,GGAL,10,6.31,159.35024247226627
2020-10-30,GGAL.BA,96.400002,GGAL,10,6.26,153.99361341853034
2020-11-02,GGAL.BA,107.849998,GGAL,10,6.94,155.4034553314121
2020-11-03,GGAL.BA,108.849998,GGAL,10,7.05,154.39716028368795
2020-11-04,GGAL.BA,107.349998,GGAL,10,7.02,152.92022507122508
2020-11-05,GGAL.BA,115,GGAL,10,7.52,152.92553191489364
2020-11-06,GGAL.BA,115.25,GGAL,10,7.61,151.4454664914586
2020-11-09,GGAL.BA,122.300003,GGAL,10,8.09,151.17429295426456
2020-11-10,GGAL.BA,128.75,GGAL,10,8.8,146.30681818181816
2020-11-11,GGAL.BA,125.699997,GGAL,10,8.3,151.44577951807227
2020-11-12,GGAL.BA,119.099998,GGAL,10,7.91,150.56889759797724
2020-11-13,GGAL.BA,120.550003,GGAL,10,8.26,145.94431355932207
2020-11-16,GGAL.BA,123.849998,GGAL,10,8.37,147.96893428912784
2020-11-17,GGAL.BA,127.099998,GGAL,10,8.61,147.61904529616726
2020-11-18,GGAL.BA,124,GGAL,10,8.19,151.4041514041514
2020-11-19,GGAL.BA,124.949997,GGAL,10,8.33,149.9999963985594
2020-11-20,GGAL.BA,124.150002,GGAL,10,8.12,152.89409113300493
2020-11-24,GGAL.BA,131.800003,GGAL,10,8.82,149.43310997732428
2020-11-25,GGAL.BA,131.149994,GGAL,10,8.76,149.71460502283105
2020-11-27,GGAL.BA,136.100006,GGAL,10,9.07,150.05513340683572
2020-11-30,GGAL.BA,130.600006,GGAL,10,8.61,151.68409523809527
2020-12-01,GGAL.BA,132.149994,GGAL,10,8.86,149.1534920993228
2020-12-02,GGAL.BA,132.949997,GGAL,10,9.12,145.77850548245613
2020-12-03,GGAL.BA,133,GGAL,10,8.97,148.2720178372352
2020-12-04,GGAL.BA,130.199997,GGAL,10,9.08,143.39206718061672
2020-12-09,GGAL.BA,124.75,GGAL,10,8.79,141.9226393629124
2020-12-10,GGAL.BA,129.75,GGAL,10,9.38,138.32622601279317
2020-12-11,GGAL.BA,128.699997,GGAL,10,8.99,143.1590622914349
2020-12-14,GGAL.BA,127.050003,GGAL,10,8.81,144.21112712826334
2020-12-15,GGAL.BA,128.25,GGAL,10,9.06,141.55629139072846
2020-12-16,GGAL.BA,127.25,GGAL,10,9.04,140.7632743362832
2020-12-17,GGAL.BA,126.550003,GGAL,10,8.9,142.1910146067416
2020-12-18,GGAL.BA,121.900002,GGAL,10,8.73,139.6334501718213
2020-12-21,GGAL.BA,119.650002,GGAL,10,8.47,141.26328453364815
2020-12-22,GGAL.BA,120.650002,GGAL,10,8.45,142.7810674556213
2020-12-23,GGAL.BA,125.599998,GGAL,10,8.69,144.53394476409667
2020-12-28,GGAL.BA,125.300003,GGAL,10,8.67,144.5213414071511
2020-12-29,GGAL.BA,128.399994,GGAL,10,9.13,140.63526177437018
2020-12-30,GGAL.BA,125.75,GGAL,10,8.88,141.61036036036035
2021-01-04,GGAL.BA,123.25,GGAL,10,8.28,148.85265700483092
2021-01-05,GGAL.BA,123.650002,GGAL,10,8.19,150.97680341880343
2021-01-06,GGAL.BA,123.050003,GGAL,10,8.31,148.07461251504213
2021-01-07,GGAL.BA,123.900002,GGAL,10,8.32,148.91827163461537
2021-01-08,GGAL.BA,122.650002,GGAL,10,8.22,149.20924817518247
2021-01-11,GGAL.BA,120.25,GGAL,10,7.94,151.44836272040303
2021-01-12,GGAL.BA,121.449997,GGAL,10,8.11,149.7533871763255
2021-01-13,GGAL.BA,121.199997,GGAL,10,8.1,149.62962592592592
2021-01-14,GGAL.BA,121.199997,GGAL,10,8.27,146.5538053204353
2021-01-15,GGAL.BA,120.050003,GGAL,10,8,150.06250375000002
2021-01-19,GGAL.BA,116.949997,GGAL,10,7.78,150.3213329048843
2021-01-20,GGAL.BA,118,GGAL,10,7.88,149.74619289340103
2021-01-21,GGAL.BA,114.800003,GGAL,10,7.61,150.8541432325887
2021-01-22,GGAL.BA,113.099998,GGAL,10,7.48,151.20320588235293
2021-01-25,GGAL.BA,112.300003,GGAL,10,7.38,152.16802574525747
2021-01-26,GGAL.BA,117.800003,GGAL,10,7.78,151.41388560411312
2021-01-27,GGAL.BA,118.800003,GGAL,10,7.71,154.08560700389108
2021-01-28,GGAL.BA,119.5,GGAL,10,7.75,154.19354838709677
2021-01-29,GGAL.BA,115.699997,GGAL,10,7.46,155.09382975871313
2021-02-01,GGAL.BA,119.150002,GGAL,10,7.86,151.59033333333332
2021-02-02,GGAL.BA,119.199997,GGAL,10,7.78,153.21336375321334
2021-02-03,GGAL.BA,118.349998,GGAL,10,7.78,152.1208200514139
2021-02-04,GGAL.BA,123.449997,GGAL,10,8.02,153.9276770573566
2021-02-05,GGAL.BA,126.199997,GGAL,10,8.27,152.5997545344619
2021-02-08,GGAL.BA,126.949997,GGAL,10,8.31,152.7677460890493
2021-02-09,GGAL.BA,126.949997,GGAL,10,8.27,153.5066469165659
2021-02-10,GGAL.BA,125.949997,GGAL,10,8.13,154.92004551045508
2021-02-11,GGAL.BA,125.400002,GGAL,10,8.3,151.0843397590361
2020-08-14,YPFD.BA,723.849976,YPF,1,5.72,126.5471986013986
2020-08-18,YPFD.BA,704.849976,YPF,1,5.44,129.56801029411764
2020-08-19,YPFD.BA,721.200012,YPF,1,5.47,131.84643729433273
2020-08-20,YPFD.BA,728.150024,YPF,1,5.47,133.11700621572214
2020-08-21,YPFD.BA,715.200012,YPF,1,5.35,133.68224523364486
2020-08-24,YPFD.BA,715.700012,YPF,1,5.4,132.53703925925925
2020-08-25,YPFD.BA,717.299988,YPF,1,5.55,129.2432410810811
2020-08-26,YPFD.BA,699.25,YPF,1,5.56,125.76438848920864
2020-08-27,YPFD.BA,674.900024,YPF,1,5.38,125.44610111524165
2020-08-28,YPFD.BA,711.150024,YPF,1,5.71,124.54466269702277
2020-08-31,YPFD.BA,723.599976,YPF,1,5.58,129.67741505376344
2020-09-01,YPFD.BA,720.200012,YPF,1,5.64,127.6950375886525
2020-09-02,YPFD.BA,692.299988,YPF,1,5.54,124.96389675090252
2020-09-03,YPFD.BA,676.900024,YPF,1,5.52,122.626815942029
2020-09-04,YPFD.BA,672.25,YPF,1,5.42,124.03136531365314
2020-09-08,YPFD.BA,664.200012,YPF,1,5.44,122.09559044117647
2020-09-09,YPFD.BA,681.900024,YPF,1,5.41,126.04436672828096
2020-09-10,YPFD.BA,669.200012,YPF,1,5.16,129.68992480620156
2020-09-11,YPFD.BA,668.150024,YPF,1,5.17,129.23598143133464
2020-09-14,YPFD.BA,649.400024,YPF,1,5.06,128.33992569169962
2020-09-15,YPFD.BA,654.400024,YPF,1,5.12,127.81250468750001
2020-09-16,YPFD.BA,613.849976,YPF,1,4.85,126.56700536082475
2020-09-17,YPFD.BA,580.25,YPF,1,4.55,127.52747252747253
2020-09-18,YPFD.BA,596.75,YPF,1,4.46,133.80044843049328
2020-09-21,YPFD.BA,572.650024,YPF,1,4.13,138.65618014527846
2020-09-22,YPFD.BA,559.450012,YPF,1,3.88,144.18814742268043
2020-09-23,YPFD.BA,549.099976,YPF,1,3.66,150.02731584699453
2020-09-24,YPFD.BA,551.049988,YPF,1,3.84,143.50260104166668
2020-09-25,YPFD.BA,541.099976,YPF,1,3.68,147.03803695652172
2020-09-28,YPFD.BA,545.599976,YPF,1,3.72,146.66666021505375
2020-09-29,YPFD.BA,539.700012,YPF,1,3.61,149.50138836565097
2020-09-30,YPFD.BA,516.700012,YPF,1,3.57,144.73389691876753
2020-10-01,YPFD.BA,549.599976,YPF,1,3.65,150.57533589041094
2020-10-02,YPFD.BA,560,YPF,1,3.63,154.26997245179064
2020-10-05,YPFD.BA,579,YPF,1,3.73,155.2278820375335
2020-10-06,YPFD.BA,561,YPF,1,3.57,157.14285714285714
2020-10-07,YPFD.BA,567.599976,YPF,1,3.66,155.0819606557377
2020-10-08,YPFD.BA,586.450012,YPF,1,3.81,153.92388766404198
2020-10-09,YPFD.BA,610.599976,YPF,1,3.87,157.77777157622737
2020-10-13,YPFD.BA,594.549988,YPF,1,3.75,158.54666346666667
2020-10-14,YPFD.BA,611.450012,YPF,1,3.75,163.05333653333335
2020-10-15,YPFD.BA,617.049988,YPF,1,3.57,172.84313389355742
2020-10-16,YPFD.BA,607,YPF,1,3.56,170.5056179775281
2020-10-19,YPFD.BA,589.950012,YPF,1,3.59,164.3314796657382
2020-10-20,YPFD.BA,597.450012,YPF,1,3.46,172.67341387283238
2020-10-21,YPFD.BA,586.549988,YPF,1,3.34,175.61376886227546
2020-10-22,YPFD.BA,622.650024,YPF,1,3.45,180.47826782608695
2020-10-23,YPFD.BA,641.900024,YPF,1,3.61,177.81164099722994
2020-10-26,YPFD.BA,594.950012,YPF,1,3.61,164.80609750692523
2020-10-27,YPFD.BA,562.049988,YPF,1,3.32,169.29216506024096
2020-10-28,YPFD.BA,511,YPF,1,3.1,164.83870967741936
2020-10-29,YPFD.BA,515.049988,YPF,1,3.26,157.99079386503067
2020-10-30,YPFD.BA,510.399994,YPF,1,3.22,158.5093149068323
2020-11-02,YPFD.BA,521.450012,YPF,1,3.32,157.06325662650605
2020-11-03,YPFD.BA,545.299988,YPF,1,3.52,154.9147693181818
2020-11-04,YPFD.BA,534.450012,YPF,1,3.5,152.70000342857142
2020-11-05,YPFD.BA,570.700012,YPF,1,3.74,152.59358609625667
2020-11-06,YPFD.BA,555.400024,YPF,1,3.73,148.9008107238606
2020-11-09,YPFD.BA,608.75,YPF,1,4.14,147.04106280193238
2020-11-10,YPFD.BA,703.400024,YPF,1,4.75,148.08421557894738
2020-11-11,YPFD.BA,670.150024,YPF,1,4.58,146.32096593886465
2020-11-12,YPFD.BA,648.849976,YPF,1,4.32,150.19675370370368
2020-11-13,YPFD.BA,673.849976,YPF,1,4.57,147.45076061269145
2020-11-16,YPFD.BA,701.049988,YPF,1,4.69,149.4776093816631
2020-11-17,YPFD.BA,718.099976,YPF,1,4.92,145.95527967479674
2020-11-18,YPFD.BA,725.700012,YPF,1,4.74,153.10126835443037
2020-11-19,YPFD.BA,708.950012,YPF,1,4.78,148.3159020920502
2020-11-20,YPFD.BA,727.450012,YPF,1,4.76,152.82563277310925
2020-11-24,YPFD.BA,803.549988,YPF,1,5.33,150.75984765478424
2020-11-25,YPFD.BA,771.5,YPF,1,5.19,148.65125240847783
2020-11-27,YPFD.BA,812.650024,YPF,1,5.4,150.49074518518518
2020-11-30,YPFD.BA,765.400024,YPF,1,5.03,152.1670027833002
2020-12-01,YPFD.BA,788.400024,YPF,1,5.27,149.60152258064517
2020-12-02,YPFD.BA,781,YPF,1,5.34,146.2546816479401
2020-12-03,YPFD.BA,760.049988,YPF,1,5.13,148.15789239766082
2020-12-04,YPFD.BA,781.450012,YPF,1,5.29,147.72211947069943
2020-12-09,YPFD.BA,733.099976,YPF,1,5.14,142.62645447470817
2020-12-10,YPFD.BA,776.950012,YPF,1,5.54,140.2436844765343
2020-12-11,YPFD.BA,774.849976,YPF,1,5.45,142.17430752293578
2020-12-14,YPFD.BA,779.599976,YPF,1,5.39,144.63821447124303
2020-12-15,YPFD.BA,771.650024,YPF,1,5.51,140.0453764065336
2020-12-16,YPFD.BA,778.799988,YPF,1,5.48,142.11678613138685
2020-12-17,YPFD.BA,771.599976,YPF,1,5.48,140.80291532846715
2020-12-18,YPFD.BA,762.549988,YPF,1,5.39,141.47495139146568
2020-12-21,YPFD.BA,720.549988,YPF,1,5.19,138.8342944123314
2020-12-22,YPFD.BA,706.349976,YPF,1,5.01,140.98801916167665
2020-12-23,YPFD.BA,738.849976,YPF,1,5.04,146.59721746031747
2020-12-28,YPFD.BA,705.349976,YPF,1,4.91,143.65579959266802
2020-12-29,YPFD.BA,706.5,YPF,1,4.93,143.30628803245438
2020-12-30,YPFD.BA,693.849976,YPF,1,4.9,141.60203591836733
2021-01-04,YPFD.BA,676.25,YPF,1,4.52,149.6128318584071
2021-01-05,YPFD.BA,690.299988,YPF,1,4.62,149.4155818181818
2021-01-06,YPFD.BA,694.299988,YPF,1,4.65,149.31182537634407
2021-01-07,YPFD.BA,723.200012,YPF,1,4.78,151.29707364016735
2021-01-08,YPFD.BA,689.700012,YPF,1,4.69,147.05757185501065
2021-01-11,YPFD.BA,667.549988,YPF,1,4.42,151.02940904977376
2021-01-12,YPFD.BA,640.349976,YPF,1,4.18,153.19377416267943
2021-01-13,YPFD.BA,628.900024,YPF,1,4.09,153.76528704156482
2021-01-14,YPFD.BA,639.799988,YPF,1,4.15,154.1686718072289
2021-01-15,YPFD.BA,615.400024,YPF,1,3.96,155.40404646464648
2021-01-19,YPFD.BA,608.700012,YPF,1,3.94,154.4923888324873
2021-01-20,YPFD.BA,569.099976,YPF,1,3.68,154.64673260869563
2021-01-21,YPFD.BA,520.049988,YPF,1,3.25,160.01538092307692
2021-01-22,YPFD.BA,560.400024,YPF,1,3.49,160.57307277936962
2021-01-25,YPFD.BA,532.650024,YPF,1,3.45,154.39131130434782
2021-01-26,YPFD.BA,587.450012,YPF,1,3.74,157.07219572192514
2021-01-27,YPFD.BA,626.599976,YPF,1,4.05,154.71604345679012
2021-01-28,YPFD.BA,612.5,YPF,1,3.98,153.89447236180905
2021-01-29,YPFD.BA,588.25,YPF,1,3.65,161.16438356164383
2021-02-01,YPFD.BA,626.150024,YPF,1,4.01,156.1471381546135
2021-02-02,YPFD.BA,618.75,YPF,1,3.91,158.24808184143222
2021-02-03,YPFD.BA,646.900024,YPF,1,4.3,150.44186604651165
2021-02-04,YPFD.BA,655.049988,YPF,1,4.3,152.3372065116279
2021-02-05,YPFD.BA,641.5,YPF,1,4.21,152.375296912114
2021-02-08,YPFD.BA,688.799988,YPF,1,4.51,152.72727006651886
2021-02-09,YPFD.BA,700.799988,YPF,1,4.68,149.74358717948718
2021-02-10,YPFD.BA,689,YPF,1,4.52,152.43362831858408
2021-02-11,YPFD.BA,676.849976,YPF,1,4.6,147.1412991304348
